{"KAsm5t9+ujATW9EJdkXFQw==":"logo-122x32.png","7HJXlWKdYEgmsqm/pqLuaA==":"device_info-464x415.png","SFMWW5plsBsWscPsLXyXUQ==":"pexels-photo-279719-1920x1200.jpg","ihlkf69UyfSmhSyJ1Jvc6w==":"jumbotron.jpg","NABkP9i4t4mIGSpFn73WIA==":"background1.jpg","v7s6pnYqh+u7XAzZVelYNQ==":"1%20side-800x800.jpg","JebGF5x79o7WBuhEe7qAhg==":"img%201%20side-750x750.png","2ZL1+ssqdoV2YvL15QYOkQ==":"e289f6ffb51e10f24eda82aa883525d4-982x982.jpg","Li4tajv7ZzELQcvb7l1Rhg==":"rang1-982x982.png","Ij+tF9PE4F6T3cNk07l9ww==":"fhinno%20wifi%20switch-750x750.png","zsdzK3kE8KatiuYNPZYA5g==":"neonbrand-381344-2000x1333.jpg","6VOxgh/LQG6UVo1bYf/1yA==":"umeng_push_notification_default_small_icon-98x98.png","VO8Tgew+AXi5zAvSCV2d4g==":"device_info-192x172.png","Lixl8K3ggn62tBAlqKWP6A==":"logo-214x57.png","Zx17IRApsHi9rgafTlxe5w==":"ewebg-720x554.png","cIfXoJg6vbqbS7dywZayCg==":"jumbotron-1.jpg","6MWuneBkaXY2YaLPn9FfNw==":"fhino-800x800.jpg","VaaCKd44C2bWqOujNXy3Hg==":"fhino-1-800x800.jpg","GqrBO/ZpteUl7MTo1ShSPQ==":"jumbotron2.jpg","tVRIrp0fuXPwcdde7nWNgg==":"fhino-2-800x800.jpg","Em3Z0kULSFLHpZSPWdpYHw==":"htb1o4b9sxxxxxxyxfxx760xfxxxl-611x615.png","DiobhCF8aOpUmwWPZJTWCA==":"fhino-676x676.jpg","OxF9Q2I15e+M9YitFGu0Lw==":"e289f6ffb51e10f24eda82aa883525d4-676x676.jpg","IOip5EN5xIKxIdOgkY6UpQ==":"fhinno%20wifi%20switch-676x676.png","FwbKoWqXgs9efwwIUY/juA==":"pexels-photo-269252-1920x1517.jpg","OH67k2I6/iGrOopj/2Oz8Q==":"cover-1200x800.jpg","UL+e0r/ycFDfF4DC7IU1QQ==":"cover-1-1200x800.jpg","x4491AW+tjU/wzACdStAvQ==":"fhino-3-800x800.jpg","sZNueDqvSpxm9nZxOiYEww==":"rang1-676x676.png","ca2XbTiKkJ8S+NarjMTBVQ==":"cntr%201-240x240.png","9GrLkyCWd4UkXq6Lq5UY3g==":"picsart_12-16-10.44.54-240x263.png","LoLLbFTi+0e1XOB/InXiqw==":"picsart_12-16-10.42.24-240x235.png","RCkt75/7fK3xnqe6NjH5rw==":"picsart_12-16-10.46.59-240x240.png","bEMw5TWd66aaE+uYAwBGEA==":"cntr%201-240x240.png","Yu3qOS3wO4n8PFTA26S9zw==":"contr2-240x240.png","oE+cp1YC6OLtGbP8zXvNUg==":"fire%20-240x240.png","HRLFibjIURyECQvlBLOFuQ==":"htb1gjd5bfhm8kjjszjiq6zx3fxa9-240x212.jpg","mvkZ7DD0HupjuLklqUY3lw==":"cover-2000x1333.jpg","K1yR9VovASa+morS+VULEg==":"eu-uk-standard-sesoo-touch-switch-1%20(1)-436x436.jpg","M4v2Gj6jn+M3TxfqPMnV/Q==":"htb1gjd5bfhm8kjjszjiq6zx3fxa9-750x664.jpg","xRORYKUxdf0v7uPv9f1ZxQ==":"1-320x168.jpg","NBeRvGcH5uJp6ycGjhXatA==":"background4.jpg","LqOvuFCOwWsirbGxLuI1fw==":"htb1gjd5bfhm8kjjszjiq6zx3fxa9-1-750x664.jpg","alJf8l876/pJ2kteok0Jyw==":"3-312x156.jpg","PNcS34xFdoSnJ6I+upWKVw==":"4-314x161.jpg","MLIcNoUbPNqgTlFIxCJRbA==":"pexels-photo-210647-1920x1280.jpg","iA4soTjViWOIKvZZEWJWxQ==":"cover-1-2000x1333.jpg","R1hh7wWiIodVRxAMfRKNGQ==":"cover-2-2000x1333.jpg","DrI5+KsBJE2TVV3XGX4u9Q==":"breather-196130-2000x1333.jpg","LJqWAMQBpwFwjSO4INtE/g==":"app-750x500.jpg","XFuODZhoQg8Mns2W9PgeNw==":"pexels-photo-1920x1280.jpg","RrkAmut2YSHHnAGRV18ewg==":"pexels-photo-1-1920x1280.jpg","C6uRFroRsvGTzJ8saTauqw==":"pexels-photo-2-1920x1280.jpg","sAVqpBxr1ngl18kr/obM7Q==":"ewebg-192x148.png","Pra9YPm8as/nVj0yiFbfiQ==":"login-224x242.png","cPx2a/Pvr1fCSFmkPO5yeA==":"cover-1-2000x1333.jpg","dgK5pubMJPrzV6u9LR4kjQ==":"blckin%20one-982x655.jpg","aLY9WN5qv9VtQJJMqfXXzg==":"fhinno%20crystal-982x982.png","7BhLLMq+4B7x9bNkvNDpNg==":"hinno%20pics%20all%20in%20one-2000x1333.jpg","cUzX0VjY8HLM5PW4SC2qWQ==":"crystal-1280x784.jpg","dpyGZj2eHSUvQFnlOZNPGg==":"pic%201%20blck-2000x1333.jpg","0kDARLMM9K2eqf8CkripEA==":"fhinno%20smartswitch-2000x1333.jpg","ZMWFM4W0gviVebinBQ6Obw==":"pic%205%20mix-2000x1333.jpg","aU+EU15dLkusj9qUW46WUA==":"pic%202%20blk-2000x1333.jpg","5SHrYAxxp2Vid1KoJ3S12Q==":"fhinno%20%20crystal3-1500x1000.jpg","NEju4AhvozPAdODp+dedsQ==":"fhinno%20%20crystal2-1500x1000.jpg","ZnpwJT1psvOIgfcY7MCpew==":"png5-2000x1249.png","pN4uto3jTs2BFZAldje5fA==":"fhinno%20%20crystl4-1500x1000.jpg","vQu0zhrgQCwh3WXRVpgAeA==":"fhinno%20crystal%20smart%20wifi%20switch%20(1)-2000x1439.jpg","SGDmnahrF0qNGExoLEhGiw==":"fhinno%20crystal%20smart%20wifi%20switch%20(8)-1620x1080.jpg","ghwhBxWRciOi20yjZlwJsw==":"fhinno%20crystal%20smart%20wifi%20switch%20(4)-676x451.jpg","VNACwBiuaHWE8gP34oyR2w==":"fhinno%20crystal-676x676.png","gFRuZ7M8jl8cE9Rs2/YpvQ==":"htb1.lbnl8th8kjjy0fiq6arsxxaq-800x800.jpg","Os1hpkyKHdJTZJYYSjSiXg==":"01.jpg","HYwDFFOdXvbaVB3Ex5P0gg==":"board-capacitors-chip-159220-2000x1333.jpg","xsg47eH9nEDF25aB8TRivA==":"img_20160519-142858-1014x761.jpg","t8Odusgsvj30QVd7x+5fNA==":"img_20160519-142859-1014x761.jpg","nPDglU7aWGK1qWtNK1Gu9w==":"img_20150318-85500-1014x572.jpg","g5BT/1BMhtY1xkW1kT+ZMw==":"fhinno%20crystal-676x676.png","+5wjnbEoHKI5csvhxAzQ1g==":"img-20150318-85501-1014x572.jpg","QH8bv1Nz/5KC03AZHPX1uQ==":"img-20150318-85502-1014x572.jpg","BZiJX6999EnN+wSZ+kwBig==":"fh%20innovations%20w%20design%20all%20your%20concepts%20%20a-1014x570.jpg","/LbvKbB1Un5RPq3vRlMOag==":"fh%20innovations%20w%20design%20all%20your%20concepts%20%20b-1014x570.jpg","lvL9lzQUxOcR3O7ejvdejg==":"fh%20innovations%20w%20design%20all%20your%20concepts%20%20c-1014x570.jpg","vyfJSto7Wmr7HbGqNEaSYA==":"fh%20innovations%20w%20design%20all%20your%20concepts%20%20d-1014x570.jpg","StgtiHfuVg/nfSNuCHG1Hw==":"fh%20innovations%20w%20design%20all%20your%20concepts%20%20e-1014x570.jpg","1L8GZ3nmr7AwBB4mn4me6A==":"fh%20innovations%20w%20design%20all%20your%20concepts%20%20f-1014x570.jpg","75yV7w/GVj9lxvAbqCsbDQ==":"fh%20innovations%20w%20design%20all%20your%20concepts%20%20g-1014x570.jpg","IX8Rtehj52KHZXt9xCyl0w==":"fh%20innovations%20w%20design%20all%20your%20concepts%20%20e-1014x570.jpg","oIvYnz4nRSQZInuTxVilXA==":"fh%20innovations%20w%20design%20all%20your%20concepts%20%20d-1014x570.jpg","XSVIsXjUS112iFRMFBNmIA==":"fh%20innovations%20w%20design%20all%20your%20concepts%20%20c-1014x570.jpg","XuwlI5c4JGBbFszqL+B17w==":"fh%20innovations%20w%20design%20all%20your%20concepts%20%20h-1014x570.jpg","nWRQWmJvpqJ/0dxCe5fp3w==":"fh%20innovations%20w%20design%20all%20your%20concepts%20%20i-1014x570.jpg","B8so30iKDRltCx8PAfFIRg==":"fh%20innovations%20w%20design%20all%20your%20concepts%20%20j-1014x570.jpg","YyfPvCRRrt3Mvj3mUMhbsQ==":"fh%20innovations%20w%20design%20all%20your%20concepts%20%20k-1014x570.jpg","P8BHjf9sXwbjn3odAkPVRg==":"fh%20innovations%20w%20design%20all%20your%20concepts%20%20l-1014x570.jpg","RXhBeVwpqv7b+IFt9e+bBA==":"fh%20innovations%20w%20design%20all%20your%20concepts%20%20m-1014x570.jpg","swPJ4hsyScBncHBimOaOfg==":"fh%20innovations%20w%20design%20all%20your%20concepts%20%20n-1014x570.jpg","4ONnEZr01O0Zkk4FeKOZwQ==":"board-capacitors-chip-159220-2000x1333.jpg"}